_id.subject,2016,2017,2018,2019,2020,2021,2022,2023,2024,2025,2026
AGR-01,0,0,0,0,0,1,3,1,3,1,0
AGR-02,0,0,0,0,0,0,0,0,1,1,1
AGR-03,0,0,0,0,0,0,0,0,3,2,3
AGR-04,0,0,0,0,1,3,0,1,1,23,4
AGR-10,0,0,0,0,0,0,0,0,1,0,0
AGR-11,0,0,0,0,0,0,0,0,0,0,2
AGR-12,0,0,0,1,0,0,0,0,0,0,0
AGR-13,0,0,0,0,0,0,0,0,4,0,1
AGR-15,0,2,0,3,4,1,0,0,6,10,4
AGR-16,0,0,0,0,0,0,0,0,1,9,0
AGR-17,0,0,0,0,0,0,0,0,1,0,0
AGR-18,0,0,0,0,0,0,0,1,1,0,0
AGR-19,0,0,0,0,0,0,0,0,2,2,1
AGR-20,0,0,0,0,0,1,0,0,0,1,0
BIO-01,0,0,0,0,0,0,0,0,1,0,0
BIO-04,0,0,0,0,0,0,0,0,0,1,0
BIO-05,0,0,0,0,0,0,0,0,0,0,1
BIO-07,0,0,0,0,0,1,0,0,0,1,1
BIO-08,0,0,0,0,1,1,1,0,1,2,0
BIO-09,0,0,0,0,0,0,1,0,2,0,0
BIO-10,0,0,0,0,0,0,0,0,2,5,6
BIO-11,0,0,0,0,0,0,0,0,1,3,0
BIO-12,0,0,0,0,0,0,0,0,3,1,1
BIO-14,0,0,0,0,0,0,0,0,0,1,2
BIO-16,0,0,0,0,0,1,0,0,0,0,0
BIO-17,0,0,0,0,0,0,0,0,0,1,0
BIO-19,0,0,0,0,0,0,0,0,2,2,3
CHIM-01,0,0,0,0,0,0,0,2,5,15,12
CHIM-02,0,0,0,0,0,0,0,2,14,11,19
CHIM-03,0,0,0,0,0,0,0,2,1,1,5
CHIM-04,0,0,0,0,1,0,0,0,1,2,4
CHIM-05,0,0,0,0,0,0,0,0,0,0,4
CHIM-06,0,0,0,0,0,0,0,0,0,3,5
CHIM-07,0,0,0,0,0,0,0,0,0,0,1
CHIM-08,0,0,0,0,0,0,0,0,0,2,2
CHIM-09,0,0,0,0,0,0,0,0,2,2,4
CHIM-12,0,0,0,0,0,0,0,0,1,4,3
FIS-01,0,0,0,0,0,0,0,0,4,1,2
FIS-02,0,0,0,0,0,0,0,0,1,4,1
FIS-03,0,0,0,0,0,0,0,0,1,2,0
FIS-05,0,0,0,0,0,0,0,0,0,0,1
FIS-06,0,0,0,0,2,0,0,0,0,0,0
FIS-07,0,0,0,0,0,1,0,1,2,2,1
FIS-08,0,0,0,0,0,0,1,0,1,0,0
GEO-01,0,0,0,1,0,0,0,0,0,0,0
GEO-02,0,0,0,0,0,0,0,2,0,0,0
GEO-05,0,0,0,0,0,0,0,1,0,0,0
GEO-11,0,0,0,0,0,0,0,1,0,0,0
GEO-12,0,0,0,0,0,0,0,0,0,0,1
ICAR-05,0,0,0,0,0,1,0,0,0,0,0
ICAR-06,0,0,0,0,0,0,0,1,0,0,0
ICAR-08,0,0,0,0,0,0,0,0,8,5,0
ICAR-12,0,0,0,0,0,5,0,0,0,2,0
ICAR-13,0,0,0,0,0,1,0,0,0,0,0
ICAR-14,0,0,0,0,0,1,0,0,0,0,0
ICAR-18,0,0,0,0,0,4,0,0,0,1,0
ICAR-19,0,0,0,0,0,0,0,0,0,1,0
ICAR-20,0,0,0,0,0,1,0,0,0,0,0
INF-01,0,1,0,0,1,2,0,0,4,3,1
ING-IND-09,0,0,0,0,0,0,0,0,1,0,1
ING-IND-10,0,0,0,0,0,0,1,0,0,0,0
ING-IND-11,0,0,0,0,0,1,0,0,0,0,0
ING-IND-13,0,0,0,0,0,0,0,0,0,0,1
ING-IND-14,0,0,0,0,1,0,0,0,0,0,0
ING-IND-15,0,0,0,0,0,0,0,0,1,0,1
ING-IND-18,0,0,0,0,0,0,0,0,3,0,0
ING-IND-21,0,0,0,0,0,0,0,0,0,1,0
ING-IND-22,0,0,0,0,0,0,0,0,0,1,2
ING-IND-25,1,0,2,1,25,1,1,0,1,1,0
ING-IND-29,0,0,0,0,0,1,0,0,0,0,0
ING-IND-31,0,0,0,0,0,0,0,0,0,0,1
ING-IND-34,0,0,0,0,1,1,4,2,7,1,1
ING-INF-01,0,0,0,1,0,0,0,0,0,0,0
ING-INF-04,0,0,0,0,0,13,16,8,6,3,6
ING-INF-05,0,0,0,0,1,0,3,3,3,0,1
IUS-01,0,0,0,0,0,0,1,0,0,0,0
IUS-02,0,0,0,0,0,0,1,0,0,0,0
IUS-05,0,0,0,0,0,0,1,0,0,0,0
IUS-07,0,0,0,0,0,0,2,0,0,0,0
IUS-08,0,0,0,0,0,0,0,0,0,0,3
IUS-09,0,0,0,0,0,0,0,0,0,0,1
IUS-10,0,0,0,0,0,0,0,0,0,0,2
IUS-13,0,0,0,0,0,0,0,0,0,0,2
IUS-14,0,0,0,0,0,0,0,0,0,0,1
IUS-15,0,0,0,0,0,0,0,0,0,0,1
IUS-16,0,0,0,0,0,0,0,0,0,0,1
IUS-17,0,0,0,0,0,0,0,0,0,0,1
IUS-21,0,0,0,0,0,0,0,0,0,0,2
L-ANT-01,0,0,0,0,1,0,0,0,0,0,0
L-ANT-02,0,0,1,0,0,0,0,0,1,0,0
L-ANT-10,0,0,0,0,1,0,1,1,0,0,0
L-ART-02,0,1,0,0,0,0,0,0,5,0,0
L-ART-04,0,0,0,0,0,0,0,0,4,0,0
L-ART-05,0,0,0,0,0,0,0,0,5,0,0
L-ART-06,0,0,0,0,5,0,1,0,0,0,0
L-FIL-LET-10,0,0,0,0,0,0,0,0,0,1,0
L-FIL-LET-12,0,0,0,0,0,0,0,0,0,1,0
L-FIL-LET-13,0,0,0,0,1,0,0,0,0,1,0
L-FIL-LET-14,0,0,0,0,0,0,0,0,0,1,0
L-LIN-01,0,0,0,0,2,1,0,0,3,2,1
L-LIN-02,0,0,0,0,0,0,0,0,0,1,0
L-LIN-04,0,0,0,0,0,1,0,1,0,0,0
L-LIN-07,0,0,0,1,0,0,0,1,0,1,0
L-LIN-10,0,0,0,0,0,0,0,0,1,0,0
L-LIN-11,0,0,0,0,0,0,0,0,0,0,1
L-LIN-12,0,0,0,0,0,0,0,1,0,0,1
L-LIN-21,0,0,0,0,0,0,0,1,0,0,0
L-OR-05,0,0,0,0,0,0,1,0,0,0,0
L-OR-12,0,0,0,0,0,0,0,0,0,2,0
L-OR-20,0,0,0,0,0,0,0,0,0,9,1
L-OR-21,0,0,0,0,0,0,0,0,0,9,1
L-OR-22,0,0,0,0,0,0,0,0,0,0,1
LS1,0,0,0,0,0,0,0,0,2,1,2
LS1_2,0,0,0,0,0,0,0,0,1,2,1
LS1_7,0,0,0,0,0,0,0,0,0,1,0
LS2,0,0,0,0,0,0,0,0,1,1,1
LS2_4,0,0,0,0,0,0,0,0,0,1,0
LS2_8,0,0,0,0,0,0,0,0,0,0,1
LS3,0,0,0,0,0,0,0,0,0,0,3
LS3_12,0,0,0,0,0,0,0,0,0,0,1
LS3_4,0,0,0,0,0,0,0,0,0,0,1
LS3_6,0,0,0,0,0,0,0,0,1,0,0
LS4,0,0,0,0,0,0,0,0,0,1,1
LS4_3,0,0,0,0,0,0,0,0,1,0,0
LS4_6,0,0,0,0,0,0,0,0,1,0,1
LS5,0,0,0,0,0,0,0,0,0,0,1
LS6,0,0,0,0,0,0,0,0,2,0,2
LS6_10,0,0,0,0,0,0,0,0,2,0,0
LS6_11,0,0,0,0,0,0,0,0,2,0,0
LS6_13,0,0,0,0,0,0,0,0,2,0,0
LS6_7,0,0,0,0,0,0,0,0,2,0,0
LS6_8,0,0,0,0,0,0,0,0,2,0,0
LS6_9,0,0,0,0,0,0,0,0,3,0,0
LS7,0,0,0,0,0,0,0,0,0,0,2
LS7_10,0,0,0,0,0,0,0,0,2,0,0
LS7_3,0,0,0,0,0,0,0,0,0,0,1
LS7_9,0,0,0,0,0,0,0,0,2,0,0
LS8,0,0,0,0,0,0,0,0,0,2,0
LS8_11,0,0,0,0,0,0,0,0,2,0,0
LS8_5,0,0,0,0,0,1,0,0,0,0,0
LS8_9,0,0,0,0,0,0,0,0,2,0,0
LS9,0,0,0,0,0,1,1,0,1,3,4
LS9_11,0,0,0,0,0,1,1,1,0,0,0
LS9_3,0,0,0,0,0,0,0,0,2,0,0
LS9_5,0,0,0,0,0,0,0,0,0,0,1
LS9_6,0,0,0,0,0,1,0,0,2,1,2
LS9_8,0,0,0,0,0,0,0,0,2,1,0
LS9_9,0,0,0,0,0,0,0,0,1,0,1
M-DEA-01,0,0,0,0,0,0,0,1,0,1,0
M-FIL-04,0,0,0,0,0,1,0,0,0,0,0
M-FIL-05,0,0,0,0,0,0,0,0,0,1,0
M-GGR-01,0,0,0,0,0,0,1,0,0,7,3
M-GGR-02,0,0,0,0,0,0,1,0,0,1,0
M-PED-01,0,0,0,0,0,0,1,1,0,1,0
M-PED-02,0,0,0,0,0,0,0,1,0,0,0
M-PED-03,0,0,0,7,1,0,0,1,0,0,0
M-PED-04,0,0,0,0,0,0,0,1,0,0,0
M-PSI-01,0,0,0,0,0,0,0,1,0,0,0
M-PSI-04,0,0,0,0,0,0,0,0,0,0,1
M-PSI-05,1,1,6,5,3,5,0,0,0,0,1
M-PSI-08,0,0,0,0,0,1,0,1,0,1,0
M-STO-01,0,0,0,0,0,0,0,0,0,1,1
M-STO-02,0,0,0,0,0,0,0,0,0,1,0
M-STO-04,0,0,0,0,0,0,1,0,0,1,0
M-STO-05,0,0,0,0,0,0,1,0,0,2,0
M-STO-08,0,1,0,0,1,1,1,0,1,2,0
MED-01,0,0,0,0,0,0,0,0,1,0,0
MED-03,0,0,0,0,0,0,0,0,1,2,0
MED-04,0,0,0,0,0,0,0,0,0,3,1
MED-06,0,0,0,0,0,0,0,0,0,3,0
MED-07,0,0,0,0,0,0,0,0,0,4,5
MED-17,0,0,0,0,0,0,0,0,0,0,3
MED-26,0,0,0,0,0,0,1,0,0,0,0
MED-27,0,0,0,0,0,0,0,0,0,0,2
MED-38,0,0,0,0,0,0,0,0,1,0,0
MED-40,0,0,0,0,0,0,0,0,1,2,0
MED-42,0,0,0,0,0,0,0,0,0,0,1
MED-44,0,0,0,0,0,0,0,0,0,1,0
MED-50,0,0,0,0,0,0,0,0,0,1,0
PE10_17,0,0,0,0,0,0,0,0,2,0,0
PE10_3,0,0,0,0,0,0,0,0,2,0,0
PE1_16,0,0,0,0,1,0,0,0,0,0,0
PE2_11,0,0,0,0,0,0,0,0,0,1,1
PE2_5,0,0,0,0,0,0,0,0,1,0,0
PE2_9,0,0,0,0,0,0,0,0,0,1,1
PE4,0,0,0,0,0,0,0,0,0,0,2
PE4_1,0,0,0,0,0,0,0,0,0,1,2
PE4_13,0,0,0,0,0,0,0,0,0,1,1
PE4_15,0,0,0,0,0,0,0,0,0,1,1
PE4_16,0,0,0,0,0,0,0,0,0,1,1
PE4_18,0,0,0,0,0,0,0,0,0,1,1
PE4_2,0,0,0,0,0,0,0,0,0,2,2
PE4_5,0,0,0,0,0,0,0,0,0,1,1
PE5_1,0,0,0,0,0,0,0,0,0,0,1
PE5_14,0,0,0,0,0,0,0,0,0,0,1
PE5_15,0,0,0,0,0,0,0,0,0,0,2
PE5_2,0,0,0,0,0,0,0,0,0,0,1
PE5_3,0,0,0,0,0,0,0,0,0,0,1
PE6,0,0,0,0,0,0,0,1,0,2,0
PE6_10,0,0,0,0,1,0,1,0,0,1,0
PE6_11,0,0,0,0,0,0,1,0,1,0,0
PE6_12,0,0,0,1,0,0,0,0,0,0,0
PE6_8,0,0,0,0,0,0,0,0,1,0,0
PE8,0,0,0,0,1,0,0,0,0,1,0
PE8_2,0,1,0,0,0,0,0,0,0,0,0
PE8_9,0,0,0,0,1,0,0,0,0,1,0
SECS-P-01,0,0,0,0,0,0,2,0,0,0,0
SECS-P-02,0,1,0,4,0,0,0,0,0,0,0
SECS-P-07,0,1,0,1,0,0,0,0,0,0,0
SECS-P-08,0,0,0,1,0,0,0,0,0,1,0
SECS-P-10,0,0,0,1,0,0,0,0,0,0,0
SECS-S-01,0,0,0,0,1,1,0,0,0,0,0
SECS-S-03,0,1,0,2,0,0,4,0,0,0,0
SECS-S-05,0,0,0,2,0,0,0,0,0,0,0
SH1,0,0,0,0,1,0,0,0,0,0,0
SH1_5,0,0,0,1,0,0,0,0,0,0,0
SH2,0,0,0,1,1,1,0,0,0,0,0
SH2_1,0,0,0,0,0,0,0,0,0,1,0
SH2_11,0,0,0,0,0,0,0,0,1,0,0
SH2_5,0,0,0,1,0,1,0,0,0,0,0
SH3,0,0,0,1,0,0,0,0,3,1,0
SH3_1,0,0,0,0,0,0,0,0,2,1,0
SH3_10,0,1,0,3,0,0,0,0,0,0,0
SH3_12,0,0,0,0,0,0,0,0,0,1,0
SH3_2,0,0,0,0,0,0,0,0,2,0,0
SH3_3,0,0,0,0,0,0,0,0,2,0,0
SH3_5,0,0,0,0,0,0,0,0,2,0,0
SH4,0,0,0,0,0,2,0,0,1,0,0
SH4_11,0,0,0,0,0,0,0,0,1,0,0
SH4_5,0,0,0,0,0,1,0,0,1,0,0
SH5,0,0,0,0,0,0,0,0,2,4,2
SH5_10,0,0,0,0,0,0,0,0,0,1,1
SH5_11,0,0,0,0,0,0,1,0,3,1,0
SH5_5,0,0,0,0,0,0,0,0,0,5,1
SH5_9,0,0,0,0,0,0,0,0,0,2,0
SH6,0,0,0,0,0,0,0,0,3,0,0
SH6_1,0,0,0,0,0,0,1,0,0,0,0
SH6_3,0,0,0,0,0,0,0,0,1,0,0
SPS-01,0,0,0,0,0,0,2,0,0,1,0
SPS-04,0,0,0,1,0,0,12,0,0,2,1
SPS-07,0,0,0,0,1,0,6,0,0,1,0
SPS-08,0,0,0,1,0,0,0,0,0,3,0
SPS-09,0,0,0,0,0,1,16,0,0,1,0
SPS-10,0,0,0,0,0,0,0,0,0,1,0
SPS-11,0,0,0,0,0,0,1,0,0,0,0
SPS-12,0,0,0,0,0,0,0,0,0,1,0
VET-01,0,0,0,0,0,1,0,0,2,2,1
VET-02,0,0,0,0,0,2,1,5,3,11,8
VET-03,0,0,0,0,0,0,0,0,1,1,5
VET-05,0,0,0,0,1,0,0,0,2,4,3
VET-06,0,0,0,0,0,0,0,0,1,1,2
VET-07,0,0,0,0,0,0,0,0,1,1,1
VET-08,0,0,0,0,0,0,0,0,2,3,7
VET-09,0,0,0,0,0,0,0,0,2,0,0
VET-10,0,0,0,0,0,0,0,0,0,1,3
