creator,count
Gianluca Palli,25
Claudio Melchiorri,8
Roberto Meattini,8
Alessio Caporali,7
Elvira Cicognani,7
Alessandra Bendini,6
Atef Jaouani,6
Consuelo Varela-Ortega,6
Davide Chiaravalli,6
Kevin Galassi,6
Riccardo Zanella,6
Tullia Gallina Toschi,6
Irene Blanco-Gutiérrez,5
Danila Longo,4
Fatma Arous,4
Francesco Orsini,4
Giorgio Gianquinto,4
Giovanni Leoni,4
Giuseppina Pennisi,4
Luigi Di Stefano,4
Mattia Frapporti,4
Najib Boubakri,4
Paloma Esteve,4
Alessandra Scardigno,3
Andrea Boeri,3
Cinzia Albanesi,3
Daniele De Gregorio,3
Dario Frascari,3
Davide Pinelli,3
Diego Luis García-González,3
Enrico Valli,3
Eugenio Bortolini,3
Florence Lacoste,3
Francesca Masini,3
Manuela Bojadžijev,3
Matteo Poggi,3
Peter Noack,3
Petr Macek,3
Pierluigi Zama Ramirez,3
Redouane Choukr-Allah,3
Roula Khadra,3
Sara Barbieri,3
Stefano Mattoccia,3
Valentina Gianfrate,3
Yasmine Souissi,3
Alaa Abdel-Motaleb,2
Alaa Khalifa,2
Alessandra Bonoli,2
Ameur Cherif,2
Amir Djalali,2
