count,year,structure
44,2025,971
33,2026,953
29,2026,976
27,2025,976
25,2020,959
21,2022,952
21,2025,953
17,2024,971
16,2022,960
16,2026,971
13,2021,960
12,2024,953
11,2024,961
11,2026,954
10,2025,954
10,2024,976
9,2024,959
9,2025,983
8,2025,981
8,2024,955
8,2025,975
8,2026,960
8,2023,960
8,2026,972
7,2019,970
6,2025,959
6,2025,957
6,2026,975
6,2024,954
6,2024,960
6,2023,976
6,2025,972
6,2021,951
5,2024,957
5,2022,961
5,2019,965
5,2021,965
5,2019,971
5,2025,955
5,2021,971
5,2020,971
5,2023,961
4,2018,965
4,2026,981
4,2020,952
4,2026,961
4,2025,978
4,2024,972
4,2026,978
4,2024,4082
4,2020,961
4,2022,958
4,2019,979
4,2026,969
3,2025,960
3,2020,965
3,2025,966
3,2024,962
3,2022,971
3,2025,982
3,2025,956
3,2021,959
3,2023,953
3,2021,976
3,2024,975
3,2022,979
3,2023,958
3,2024,958
2,2026,962
2,2018,959
2,2026,983
2,2022,976
2,2024,969
2,2024,968
2,2021,966
2,2017,981
2,2021,982
2,2026,957
2,2025,962
2,2023,968
2,2024,983
2,2020,978
2,2020,962
2,2021,961
2,2018,978
2,2025,970
2,2025,961
2,2021,962
2,2017,971
2,2019,958
2,2026,958
2,2020,957
2,2025,952
2,2023,971
2,2023,959
2,2025,958
2,2021,958
1,2023,965
1,2025,965
1,2023,977
1,2020,958
1,2024,982
1,2020,75500
1,2022,959
1,2023,957
1,2017,958
1,2021,964
1,2020,973
1,2020,20
1,2022,955
1,2023,981
1,2021,957
1,2017,959
1,2025,969
1,2020,976
1,2016,955
1,2021,981
1,2016,965
1,2022,982
1,2023,962
1,2026,968
1,2020,953
1,2026,964
1,2024,965
1,2021,955
1,2019,978
1,2026,959
1,2026,970
1,2024,2026
1,2023,4082
1,2016,959
1,2021,979
1,2019,960
1,2022,981
1,2017,979
1,2021,969
1,2022,974
1,2019,959
1,2023,956
1,2020,982
1,2022,969
1,2026,982
1,2023,964
1,2018,981
1,2026,966
1,2025,967
1,2024,981
1,2020,955
1,2017,955
1,2017,965
1,2021,980
1,2019,983
1,2022,957
1,2022,964
1,2019,968
