count,year,subject
25,2020,ING-IND-25
23,2025,AGR-04
19,2026,CHIM-02
16,2022,SPS-09
16,2022,ING-INF-04
15,2025,CHIM-01
14,2024,CHIM-02
13,2021,ING-INF-04
12,2026,CHIM-01
12,2022,SPS-04
12,2025,CHIM-02
11,2025,VET-02
10,2025,AGR-15
9,2025,L-OR-20
9,2025,AGR-16
9,2025,L-OR-21
8,2026,VET-02
8,2023,ING-INF-04
8,2024,ICAR-08
8,2019,M-PED-03
7,2025,M-GGR-01
7,2026,VET-08
7,2024,ING-IND-34
6,2022,SPS-07
6,2026,BIO-10
6,2018,M-PSI-05
6,2024,INF-01
6,2026,ING-INF-04
6,2024,ING-INF-04
6,2024,AGR-15
5,2026,MED-07
5,2020,L-ART-06
5,2026,CHIM-03
5,2021,ICAR-12
5,2024,CHIM-01
5,2025,BIO-10
5,2021,M-PSI-05
5,2026,CHIM-06
5,2026,VET-03
5,2024,L-ART-05
5,2025,SH5_5
5,2023,VET-02
5,2023,ING-IND-34
5,2019,M-PSI-05
5,2024,L-ART-02
5,2025,ICAR-08
4,2025,FIS-02
4,2025,CHIM-12
4,2025,INF-01
4,2026,AGR-04
4,2025,SH5
4,2024,FIS-01
4,2026,AGR-15
4,2024,AGR-13
4,2021,ICAR-18
4,2020,AGR-15
4,2025,MED-07
4,2026,CHIM-09
4,2024,L-ART-04
4,2026,LS9
4,2026,CHIM-05
4,2022,ING-IND-34
4,2019,AGR-15
4,2022,SECS-S-03
4,2026,CHIM-04
4,2025,VET-05
4,2019,SECS-P-02
3,2020,M-PSI-05
3,2025,SPS-08
3,2025,CHIM-06
3,2026,BIO-19
3,2024,L-LIN-01
3,2025,PE6
3,2024,LS6_9
3,2024,SH3
3,2024,VET-02
3,2024,SH6
3,2024,ING-IND-18
3,2025,BIO-11
3,2024,BIO-12
3,2026,IUS-08
3,2021,AGR-04
3,2025,ING-INF-04
3,2022,AGR-01
3,2024,AGR-01
3,2026,CHIM-12
3,2022,ING-INF-05
3,2026,M-GGR-01
3,2026,VET-05
3,2026,LS3
3,2024,AGR-03
3,2025,LS9
3,2024,ING-INF-05
3,2026,VET-10
3,2024,SH5_11
3,2025,MED-06
3,2019,SH3_10
3,2025,MED-04
3,2026,MED-17
3,2025,VET-08
3,2026,AGR-03
3,2023,ING-INF-05
2,2026,IUS-13
2,2025,AGR-19
2,2026,PE4_1
2,2025,FIS-03
2,2024,PE10_3
2,2025,M-STO-05
2,2024,LS7_10
2,2024,LS6_13
2,2024,LS8_9
2,2021,ING-IND-34
2,2024,SH3_5
2,2026,FIS-01
2,2024,FIS-07
2,2024,LS8_11
2,2026,CHIM-08
2,2024,BIO-19
2,2026,AGR-11
2,2022,SECS-P-01
2,2024,SH5
2,2024,LS6_10
2,2025,L-LIN-01
2,2024,LS6_8
2,2024,PE6
2,2017,AGR-15
2,2026,BIO-14
2,2020,FIS-06
2,2023,CHIM-02
2,2025,PE6_10
2,2024,PE6_10
2,2026,LS6
2,2026,PE5_15
2,2024,VET-05
2,2026,LS1
2,2026,ING-IND-22
2,2024,VET-08
2,2026,LS9_6
2,2025,M-STO-08
2,2025,BIO-19
2,2025,PE4_2
2,2020,L-LIN-01
2,2023,CHIM-01
2,2025,SPS-04
2,2026,IUS-10
2,2023,GEO-02
2,2025,BIO-08
2,2024,BIO-09
2,2026,LS7
2,2026,IUS-21
2,2024,SH3_3
2,2025,L-OR-12
2,2025,VET-01
2,2025,LS1_2
2,2026,MED-27
2,2024,LS6
2,2023,CHIM-03
2,2024,LS1
2,2025,MED-40
2,2025,CHIM-09
2,2024,AGR-19
2,2024,LS9_8
2,2025,SH5_9
2,2021,BIO-08
2,2024,LS6_7
2,2024,LS7_9
2,2022,SPS-01
2,2024,SH3_1
2,2024,BIO-10
2,2024,CHIM-09
2,2024,PE10_17
2,2025,AGR-03
2,2019,SECS-S-03
2,2024,SH3_2
2,2026,SH5
2,2024,LS9_3
2,2025,MED-03
2,2026,PE4
2,2026,VET-06
2,2025,ICAR-12
2,2019,SECS-S-05
2,2021,INF-01
2,2025,FIS-07
2,2025,CHIM-08
2,2021,SH4
2,2024,LS6_11
2,2024,VET-09
2,2024,LS9_6
2,2025,CHIM-04
2,2017,L-ANT-02
2,2024,VET-01
2,2025,LS8
2,2026,PE4_2
2,2018,ING-IND-25
2,2021,PE6_11
2,2024,SH4
2,2022,IUS-07
2,2021,VET-02
1,2025,M-PED-01
1,2026,PE4_5
1,2024,M-STO-08
1,2024,AGR-10
1,2024,SH4_5
1,2025,FIS-01
1,2022,M-GGR-01
1,2023,L-LIN-12
1,2023,L-LIN-07
1,2024,SH6_3
1,2026,LS3_12
1,2026,FIS-07
1,2022,M-GGR-02
1,2026,IUS-09
1,2025,LS1_7
1,2026,ING-IND-31
1,2022,M-PED-01
1,2022,SH5_11
1,2016,INF-01
1,2026,CHIM-07
1,2026,GEO-12
1,2026,LS9_9
1,2026,L-OR-21
1,2022,L-ANT-10
1,2026,LS2
1,2026,VET-07
1,2026,L-OR-22
1,2026,AGR-13
1,2026,LS7_3
1,2024,BIO-11
1,2022,L-OR-05
1,2019,ING-INF-01
1,2022,ING-IND-10
1,2017,M-STO-08
1,2025,AGR-02
1,2026,PE4_16
1,2025,LS9_6
1,2026,FIS-02
1,2025,PE4_15
1,2025,SECS-P-08
1,2025,SH3
1,2020,VET-05
1,2026,IUS-16
1,2026,FIS-05
1,2019,SPS-08
1,2026,SH5_10
1,2020,ING-IND-14
1,2025,L-FIL-LET-12
1,2020,PE1_16
1,2025,MED-50
1,2026,PE4_18
1,2024,ING-IND-15
1,2021,LS8_5
1,2020,SECS-S-01
1,2021,L-LIN-04
1,2024,MED-01
1,2025,BIO-12
1,2020,SH1
1,2020,SH2
1,2025,PE8
1,2025,SPS-12
1,2021,LS9
1,2021,AGR-01
1,2022,BIO-08
1,2025,M-GGR-02
1,2026,PE5_1
1,2022,IUS-05
1,2021,BIO-16
1,2024,LS9_9
1,2021,BIO-07
1,2026,PE5_2
1,2022,ING-IND-25
1,2023,L-LIN-21
1,2019,SECS-P-07
1,2020,BIO-08
1,2021,M-FIL-04
1,2021,ING-IND-11
1,2025,ING-IND-25
1,2026,PE2_11
1,2023,M-DEA-01
1,2019,SPS-04
1,2017,SH3_10
1,2025,AGR-20
1,2023,M-PED-04
1,2021,ICAR-13
1,2020,PE8
1,2023,GEO-05
1,2021,ICAR-05
1,2024,MED-38
1,2024,L-LIN-10
1,2024,BIO-01
1,2025,LS4
1,2025,LS2_4
1,2025,PE8_9
1,2021,ICAR-20
1,2022,FIS-08
1,2017,PE8_2
1,2025,ICAR-18
1,2020,M-PED-03
1,2025,LS9_8
1,2025,BIO-04
1,2022,SH6_1
1,2020,L-ANT-10
1,2020,L-ANT-01
1,2025,VET-03
1,2023,GEO-11
1,2024,PE2_5
1,2026,LS4
1,2025,M-STO-01
1,2025,M-FIL-05
1,2017,SECS-P-02
1,2025,ICAR-19
1,2025,SH5_11
1,2020,ING-INF-05
1,2024,BIO-08
1,2016,ING-IND-25
1,2024,ING-IND-09
1,2021,SH2
1,2026,LS2_8
1,2022,IUS-01
1,2025,LS2
1,2025,PE2_9
1,2020,ING-IND-34
1,2026,MED-04
1,2016,M-STO-08
1,2020,AGR-04
1,2017,SECS-P-07
1,2021,M-STO-08
1,2024,LS3_6
1,2026,PE5_3
1,2024,AGR-18
1,2025,CHIM-03
1,2025,PE4_1
1,2022,MED-26
1,2021,ING-IND-25
1,2020,PE8_9
1,2021,AGR-20
1,2025,SH5_10
1,2026,IUS-14
1,2019,GEO-01
1,2026,SH5_5
1,2024,AGR-02
1,2021,L-LIN-01
1,2026,VET-01
1,2019,SH1_5
1,2019,SECS-P-08
1,2025,SPS-07
1,2026,ING-INF-05
1,2024,PE6_11
1,2023,M-PED-01
1,2025,PE4_5
1,2026,PE5_14
1,2026,SPS-04
1,2026,M-STO-01
1,2024,VET-06
1,2021,ICAR-14
1,2022,M-STO-04
1,2026,ING-IND-34
1,2021,ING-IND-29
1,2022,IUS-02
1,2018,L-ANT-02
1,2025,L-FIL-LET-14
1,2026,LS1_2
1,2024,L-ANT-02
1,2024,CHIM-04
1,2021,AGR-15
1,2016,L-ART-02
1,2025,SPS-09
1,2021,LS9_11
1,2021,SH2_5
1,2020,CHIM-04
1,2021,FIS-07
1,2024,CHIM-12
1,2024,AGR-17
1,2025,PE4_16
1,2023,AGR-04
1,2021,SH4_5
1,2024,CHIM-03
1,2026,L-LIN-11
1,2017,SECS-S-03
1,2021,PE6_8
1,2025,BIO-17
1,2021,SECS-S-01
1,2025,SH3_1
1,2025,SPS-01
1,2025,VET-06
1,2021,VET-01
1,2023,ICAR-06
1,2026,L-LIN-12
1,2026,ING-IND-09
1,2026,IUS-15
1,2024,LS1_2
1,2025,ING-IND-21
1,2024,MED-03
1,2022,LS9_11
1,2019,SPS-07
1,2024,FIS-02
1,2024,FIS-08
1,2025,AGR-01
1,2022,PE6_11
1,2022,L-ART-06
1,2024,VET-07
1,2026,ING-IND-15
1,2023,M-PED-02
1,2024,MED-40
1,2017,L-ART-02
1,2022,PE6_10
1,2023,M-PSI-08
1,2026,LS9_5
1,2024,SH4_11
1,2025,BIO-14
1,2026,PE4_15
1,2021,LS9_6
1,2025,VET-07
1,2022,VET-02
1,2020,INF-01
1,2026,L-LIN-01
1,2026,ING-IND-13
1,2025,SH2_1
1,2026,M-PSI-04
1,2022,M-STO-08
1,2025,L-FIL-LET-10
1,2024,LS4_3
1,2024,SH2_11
1,2025,PE2_11
1,2017,INF-01
1,2019,ING-IND-25
1,2026,LS5
1,2016,M-PSI-05
1,2024,PE6_8
1,2025,BIO-07
1,2025,M-STO-04
1,2025,PE4_13
1,2023,LS9_11
1,2025,M-STO-02
1,2023,M-PED-03
1,2021,M-PSI-08
1,2025,PE4_18
1,2020,PE6_10
1,2021,SPS-09
1,2019,SECS-P-10
1,2017,M-PSI-05
1,2020,L-FIL-LET-13
1,2024,LS9
1,2024,AGR-16
1,2024,FIS-03
1,2026,BIO-05
1,2024,VET-03
1,2026,MED-42
1,2025,LS1
1,2024,LS4_6
1,2026,PE4_13
1,2019,AGR-12
1,2026,LS4_6
1,2023,AGR-18
1,2026,PE2_9
1,2025,ING-IND-34
1,2022,LS9
1,2026,M-PSI-05
1,2019,SH2
1,2020,SPS-07
1,2023,PE6
1,2025,L-FIL-LET-13
1,2024,LS2
1,2023,L-LIN-04
1,2026,AGR-02
1,2020,M-STO-08
1,2025,MED-44
1,2022,SPS-11
1,2026,INF-01
1,2019,SH2_5
1,2025,ING-IND-22
1,2019,L-LIN-07
1,2025,L-LIN-07
1,2023,FIS-07
1,2026,IUS-17
1,2023,AGR-01
1,2026,L-OR-20
1,2023,M-PSI-01
1,2025,SPS-10
1,2026,LS3_4
1,2025,SH3_12
1,2024,ING-IND-25
1,2025,L-LIN-02
1,2024,AGR-04
1,2019,PE6_12
1,2019,SH3
1,2021,BIO-09
1,2022,BIO-09
1,2026,BIO-07
1,2022,M-STO-05
1,2025,VET-10
1,2026,AGR-19
1,2025,M-DEA-01
1,2025,M-PSI-08
1,2026,BIO-12
1,2023,L-ANT-10
