year_range,type,count
2015-2019,article,79
2015-2019,book_section,162
2015-2019,conference_item,29
2015-2019,dataset,42
2015-2019,monograph,1211
2015-2019,preprint,74
2015-2019,software,1
2020-2022,article,4
2020-2022,book_section,53
2020-2022,conference_item,11
2020-2022,dataset,150
2020-2022,monograph,260
2020-2022,preprint,35
2020-2022,software,3
2023-2025,book_section,215
2023-2025,conference_item,30
2023-2025,dataset,294
2023-2025,monograph,237
2023-2025,preprint,30
2023-2025,software,7
2023-2025,working_paper,2
